hq,W,p_value
1,0.9284597116319696,0.0066654355454188454
2,0.9401411598281572,0.01643295532638106
3,0.9451741461224364,0.028106016119556487
4,0.9561695302642839,0.07069109610357681
