hq,n,skew_g1,SE_skew,Z_skew
1,47,-1.0434432848862556,0.3572948005052482,-2.920398739110475
2,48,-0.8756310441620823,0.3535533905932738,-2.4766585965778622
3,47,-0.5427246031199306,0.3572948005052482,-1.518982650608034
4,48,0.009147296151253237,0.3535533905932738,0.02587246055229108
